,0,1,2,3,4,5,6,7,8,9,10,11,23,22
0,M001158,0.0,1382298.68, KENNY E MR. MARCHANT,REP,I,893439.82,528905.18,174775.0,718664.82,1033312.66,200.0,Kenny Marchant,House
1,B001248,0.0,478104.99, MICHAEL C. DR. BURGESS,REP,I,1361204.87,1091006.23,376458.49,984746.38,1364055.55,7593.58,Michael Burgess,House
2,I000057,0.0,933449.34, STEVE J. ISRAEL,DEM,I,1425764.18,1166298.1,896153.71,529610.47,1432208.36,3735.87,Steve Israel,House
3,W000813,0.0,55985.13, JACKIE WALORSKI SWIHART,REP,I,1880806.57,2080501.63,1000001.88,880804.69,1898007.35,4500.0,Jackie Walorski,House
4,B001290,0.0,168013.54, DAVID ALAN MR. BRAT,REP,I,1218162.14,1166347.78,1042812.16,169794.56,1273941.57,11061.0,David Brat,House
5,B001277,0.0,2953419.0, RICHARD BLUMENTHAL,DEM,I,7253216.0,5070058.0,5512687.0,1698372.0,7362368.0,68263.0,Richard Blumenthal,Senate
6,T000478,252640.89,87416.16, CLAUDIA TENNEY,REP,O,911509.1,889095.44,586674.1,319585.0,971967.05,1200.0,Claudia Tenney,House
7,K000391,1046.05,925882.71, S. RAJA KRISHNAMOORTHI,DEM,O,3571882.44,2646752.35,2975414.21,583011.84,3572635.06,10149.47,Raja Krishnamoorthi,House
8,B001298,35000.0,30736.02, DONALD BACON,REP,C,1606155.1,1579008.03,1027119.25,547450.0,1607044.1,2825.0,Don Bacon,House
9,R000601,294250.0,128611.59, JOHN L RATCLIFFE,REP,I,922260.25,910084.89,430467.96,491792.29,926921.79,4750.0,John Ratcliffe,House
10,D000216,0.0,15216.06, ROSA L DELARUO,DEM,I,1141138.52,1150878.91,556966.37,584172.15,1146729.78,0.0,Rosa DeLauro,House
11,G000535,0.0,156161.75, LUIS V GUTIERREZ,DEM,I,507169.08,560492.3,174351.18,332817.9,525090.18,1400.0,Luis Gutiérrez,House
12,L000577,0.0,347208.0, MIKE LEE,REP,I,3912645.73,4001943.25,2966375.73,941170.0,3981888.49,210251.0,Mike Lee,Senate
13,S001175,9800.31,1542893.67, JACKIE SPEIER,DEM,I,868436.66,609007.1,507649.83,360754.7,874657.21,500.0,Jackie Speier,House
14,G000566,0.0,667018.58, TREY GOWDY,REP,I,1895113.8,1588411.29,1592113.8,303000.0,1902503.31,25820.0,Trey Gowdy,House
15,J000294,0.0,1011604.86, Hakeem Jeffries,DEM,I,1286940.1,791629.45,720875.18,566064.92,1294870.12,7010.0,Hakeem Jeffries,House
16,K000385,0.0,394085.2, ROBIN L. KELLY,DEM,I,1110068.09,838787.75,423880.35,686187.74,1110806.16,11746.57,Robin Kelly,House
17,P000597,20000.0,533293.6, CHELLIE M PINGREE,DEM,I,612776.1,296523.89,400839.26,170950.0,614358.96,3116.67,Chellie Pingree,House
18,D000628,342385.31,12922.95, NEAL PATRICK MD DUNN,REP,O,1407852.58,2047935.63,1031982.42,366650.0,2060858.58,1800.0,Neal Dunn,House
19,B001304,51000.0,171393.09, ANTHONY GREGORY BROWN,DEM,O,1240675.05,1478598.99,802321.4,432853.65,1649992.08,7845.0,Anthony Brown,House
20,B001289,0.0,446318.33, BRADLEY ROBERTS BYRNE,REP,I,1334317.77,1172750.28,491117.77,843200.0,1367469.77,1100.0,Bradley Byrne,House
21,H001068,192.45,600808.34, JARED HUFFMAN,DEM,I,969170.37,757560.62,559633.89,409486.48,973816.67,10530.0,Jared Huffman,House
22,T000472,0.0,116212.76, MARK TAKANO,DEM,I,1064473.0,999113.21,742940.86,321500.0,1075393.13,7848.07,Mark Takano,House
23,M001156,0.0,1395807.38, PATRICK TIMOTHY MCHENRY,REP,I,2814937.38,2670567.42,1110727.4,1703709.98,3226166.96,30200.0,Patrick McHenry,House
24,H001075,2629.0,929433.0, KAMALA D HARRIS,DEM,O,14165901.0,14420677.0,13300427.0,865472.0,15350110.0,271810.0,Kamala Harris,Senate
25,P000608,250000.0,1073307.61, SCOTT PETERS,DEM,I,3556492.29,2600005.82,1909374.06,1526653.33,3604614.7,56348.66,Scott Peters,House
26,M000689,0.0,89573.62, JOHN L. MR. MICA,REP,I,1643765.52,1828019.08,777737.33,866028.19,1646784.85,21052.34,John Mica,House
27,M001181,0.0,1935355.56, PATRICK L. MR. MEEHAN,REP,I,2411483.69,2172511.18,857431.68,1552902.01,2436664.37,4609.32,Pat Meehan,House
28,F000465,0.0,42122.76, ANDERSON DREW IV FERGUSON,REP,O,1258245.34,1216231.22,734140.5,524104.84,1258353.98,2750.0,A. Ferguson,House
29,M001137,0.0,123600.79, GREGORY W. MEEKS,DEM,I,985897.38,1031865.64,226597.38,759300.0,990039.17,0.0,Gregory Meeks,House
30,R000409,0.0,237775.2, DANA ROHRABACHER,REP,I,849046.36,659108.23,802689.36,46357.0,887923.35,11850.0,Dana Rohrabacher,House
31,F000458,0.0,2706654.18, STEVE MR. FINCHER,REP,I,498350.32,347280.08,31150.32,467200.0,509604.86,1000.0,Stephen Fincher,House
32,K000390,56451.76,16494.0, RUBEN KIHUEN,DEM,C,2217739.46,2238399.73,1592392.68,613767.41,2248239.36,26020.68,Ruben Kihuen,House
33,F000445,0.0,19.26, J. RANDY FORBES,REP,I,1615954.79,2159026.19,1122038.47,493916.32,1619612.74,254906.03,J. Forbes,House
34,G000556,2401501.32,71055.66, ALAN MARK GRAYSON,DEM,I,403916.94,428194.77,366916.94,37000.0,453917.83,5270.16,Alan Grayson,House
35,M001194,35946.71,37623.85, JOHN MOOLENAAR,REP,I,1033802.95,1045552.12,500797.53,530705.42,1055125.41,3100.0,John Moolenaar,House
36,H001070,0.0,24152.17, CRESENT HARDY,REP,I,1763024.19,1931341.23,871829.19,890945.0,1892629.38,15850.0,Cresent Hardy,House
37,H001059,0.0,162199.05, RANDY HULTGREN,REP,I,1174797.44,1301824.3,306414.73,868382.71,1183161.68,3000.0,Randy Hultgren,House
38,G000563,10000.0,940533.79, ROBERT GIBBS,REP,I,899216.71,825887.18,275096.43,624120.28,899319.05,0.0,Bob Gibbs,House
39,E000290,0.0,0.0, DONNA FERN EDWARDS,DEM,,0.0,0.0,0.0,0.0,0.0,0.0,Donna Edwards,House
40,S001188,36444.0,877.0, MARLIN A STUTZMAN,REP,O,2402125.0,2927150.62,2061718.0,339237.0,2459512.0,319129.0,Marlin Stutzman,House
41,L000580,0.0,30505.19, MICHELLE LUJAN GRISHAM,DEM,I,1819378.95,2038669.08,1004681.73,814675.0,1885721.53,42428.23,Michelle Lujan Grisham,House
42,Q000023,0.0,692556.31, MIKE QUIGLEY,DEM,I,1012500.29,829547.64,444475.29,567875.0,1013643.52,2300.0,Mike Quigley,House
43,M000404,0.0,120887.45, JAMES MCDERMOTT,DEM,I,277155.1,195568.27,109455.1,167700.0,277655.1,0.0,Jim McDermott,House
44,F000448,81100.0,7449.97, TRENT FRANKS,REP,I,361598.0,360898.55,147498.0,214100.0,362299.08,735.0,Trent Franks,House
45,F000462,0.0,812067.59, LOIS J. FRANKEL,DEM,I,1643585.1,904770.06,1073063.98,570498.9,1644081.84,4350.0,Lois Frankel,House
46,P000604,0.0,77030.71, DONALD M. PAYNE,DEM,I,539932.13,492535.99,140202.29,399729.84,538946.11,5425.0,Donald Payne Jr.,House
47,C001102,3825000.0,208196.26, CURTIS J CLAWSON,REP,I,385515.23,213935.52,380515.23,5000.0,385515.23,6500.0,Curt Clawson,House
48,M001157,85000.0,105724.96, MICHAEL MCCAUL,REP,I,1724788.42,1730835.84,979521.18,745060.44,1774897.36,42195.0,Michael McCaul,House
49,B001293,20000.0,92183.07, MIKE BISHOP,REP,I,1630146.15,1588475.7,705311.92,909834.23,1640069.76,100.0,Mike Bishop,House
50,B001285,0.0,1649893.27, JULIA BROWNLEY,DEM,I,3349278.78,2023025.27,2290350.61,1051601.82,3397538.71,63225.82,Julia Brownley,House
51,B000490,0.0,198178.93, SANFORD D JR BISHOP,DEM,I,1111033.94,1058907.1,300222.51,809811.43,1112769.74,0.0,Sanford Bishop Jr.,House
52,C001067,77748.62,85192.45, YVETTE D CLARKE,DEM,I,683740.85,719156.42,209216.31,474524.54,685410.46,2510.0,Yvette Clarke,House
53,S000148,0.0,10676815.0, CHARLES E SCHUMER,DEM,I,16902919.0,20175908.0,13423865.0,3479053.0,17442741.0,259678.0,Charles Schumer,Senate
54,M001144,0.0,286591.64, JEFFERSON B. MILLER,REP,I,808586.23,696143.16,447872.33,360713.9,810634.1,218000.0,Jeff Miller,House
55,E000293,0.0,589108.17, ELIZABETH ESTY,DEM,I,1975421.92,1447329.34,1331376.39,639953.89,1989108.93,12668.54,Elizabeth Esty,House
56,M001201,524700.0,11408.71, PAUL III MITCHELL,REP,O,815160.1,3970681.06,162033.09,208450.0,3982089.77,550.0,Paul Mitchell,House
57,B001283,0.0,160186.17, JAMES FREDERICK BRIDENSTINE,REP,I,911175.9,1134451.14,637790.05,273385.85,924331.05,0.0,Jim Bridenstine,House
58,J000290,0.0,978761.47, LYNN JENKINS,REP,I,2177516.95,1530822.51,805294.95,1371972.0,2200864.8,7100.0,Lynn Jenkins,House
59,S000510,0.0,399695.38, D ADAM SMITH,DEM,I,921253.93,1105446.61,280653.93,640600.0,925645.11,2825.0,Adam Smith,House
60,S001170,0.0,3815.85, CAROL SHEA-PORTER,DEM,C,1526089.84,1554745.36,1024242.71,491847.13,1537929.58,13777.5,Carol Shea-Porter,House
61,W000816,11527.02,919399.6, ROGER WILLIAMS,REP,I,1452596.28,1216409.13,869192.49,583403.79,1718990.87,16194.0,Roger Williams,House
62,G000576,125160.0,7815.23, GLENN S. GROTHMAN,REP,I,1044873.79,1049181.91,753527.84,290845.95,1053488.02,4709.23,Glenn Grothman,House
63,S000185,3191.43,110924.8, ROBERT C. SCOTT,DEM,I,767389.07,765804.88,192839.07,574550.0,771224.07,113.46,Robert Scott,House
64,D000616,0.0,90735.13, SCOTT HON. DESJARLAIS,REP,I,607723.0,541926.97,408055.0,199668.0,607723.43,200.0,Scott DesJarlais,House
65,M001179,0.0,183520.06, THOMAS ANTHONY MARINO,REP,I,1094577.71,1001713.54,530422.84,563904.87,1101958.12,6267.5,Tom Marino,House
66,L000584,0.0,187356.51, MIA LOVE,REP,I,5183752.76,5576207.69,4138956.17,1039796.59,5472751.26,52448.31,Mia Love,House
67,H001052,0.0,771849.98, ANDREW P HARRIS,REP,I,1292669.46,819587.77,807697.97,483658.37,1293839.02,3275.0,Andy Harris,House
68,R000146,0.0,0.0, HARRY REID,DEM,,0.0,0.0,0.0,0.0,0.0,0.0,Harry Reid,Senate
69,P000034,0.0,1039220.84, FRANK JR PALLONE,DEM,I,2408733.38,1879868.25,808500.15,1599233.23,2415229.49,5163.1,Frank Pallone,House
70,H001045,0.0,669119.21, GREGG HARPER,REP,I,982225.0,1153288.68,431145.0,551080.0,1009225.0,2000.0,Gregg Harper,House
71,W000799,0.0,42071.16, TIMOTHY J WALZ,DEM,I,1550562.46,1610108.27,774075.21,773720.0,1572880.8,3600.0,Tim Walz,House
72,P000591,0.0,2131255.68, THOMAS EDMUNDS PRICE,REP,I,2273671.21,2462526.7,941047.68,1332123.53,2337387.1,300.0,Tom Price,House
73,A000374,75000.0,208161.38, RALPH LEE DR. JR. ABRAHAM,REP,I,588395.86,438812.89,281400.0,306995.86,607693.18,5200.0,Ralph Abraham,House
74,K000360,0.0,220848.0, MARK STEVEN KIRK,REP,I,7803424.0,10391167.0,5460172.0,2280451.0,8605868.0,186823.0,Mark Kirk,Senate
75,D000620,1163250.0,22042.84, JOHN K DELANEY,DEM,I,1667503.12,1959657.49,919126.86,680850.0,1957196.11,2400.0,John Delaney,House
76,A000370,0.0,107537.64, ALMA SHEALEY ADAMS,DEM,I,926585.93,844476.48,305585.88,615303.45,928922.67,4810.0,Alma Adams,House
77,L000551,4401.75,38131.96, BARBARA LEE,DEM,I,1324874.51,1374381.11,994434.51,330440.0,1328822.47,8187.0,Barbara Lee,House
78,H001072,0.0,648668.87, JAMES FRENCH HILL,REP,I,2149744.38,1640764.53,1255061.69,893432.69,2240181.57,1850.0,French Hill,House
79,W000809,0.0,1165816.16, STEVE WOMACK,REP,I,931282.13,568200.63,360459.07,570823.06,931782.13,300.0,Steve Womack,House
80,S001180,0.0,1202170.96, KURT SCHRADER,DEM,I,1844090.28,1569297.38,501526.46,1342528.88,1909841.12,1510.0,Kurt Schrader,House
81,L000578,36616.52,89475.6, DOUG LAMALFA,REP,I,797429.74,808869.52,399853.75,397575.99,800277.02,5600.0,Doug LaMalfa,House
82,C001076,0.0,408157.98, JASON CHAFFETZ,REP,I,1376288.62,1308015.97,585987.45,790301.17,1406796.27,2700.0,Jason Chaffetz,House
83,P000609,0.0,652180.33, GARY PALMER,REP,I,1216604.52,769978.37,931340.52,285264.0,1232446.2,15750.0,Gary Palmer,House
84,H001055,0.0,1404897.04, JOE HECK,REP,I,892988.43,234198.8,486586.33,406402.1,902727.13,1000.0,Joe Heck,House
85,V000132,0.0,229943.56, FILEMON MR. VELA,DEM,I,1228768.7,1067282.32,657837.0,570931.7,1238495.44,13450.0,Filemon Vela,House
86,W000812,0.0,2168324.76, ANN L. WAGNER,REP,I,2322140.7,1526930.25,1071640.7,1250500.0,2326366.1,8200.0,Ann Wagner,House
87,K000382,0.0,1068428.12, ANN MCLANE KUSTER,DEM,I,3176870.36,2182810.77,1982252.21,1189616.55,3221019.51,28672.9,Ann Kuster,House
88,C001080,1035.45,2059998.12, JUDY CHU,DEM,I,1180175.83,821116.26,777415.83,402760.0,1185705.39,14500.0,Judy Chu,House
89,L000583,0.0,10927.68, BARRY LOUDERMILK,REP,I,833057.91,915365.12,334357.91,498700.0,833620.13,1550.0,Barry Loudermilk,House
90,C001112,0.0,52291.86, SALUD CARBAJAL,DEM,O,3122707.08,3120305.56,2494082.6,623624.48,3172597.42,30901.0,Salud Carbajal,House
91,M001189,0.0,1050399.33, ALLEN LUCAS MESSER,REP,I,1936111.08,1356932.2,821381.59,1113729.49,1945850.71,4854.3,Luke Messer,House
92,R000580,0.0,113731.68, PETER ROSKAM,REP,I,2965658.7,3357095.91,1392661.62,1572997.08,3013381.97,24405.0,Peter Roskam,House
93,R000586,26498.42,624545.32, JAMES B. RENACCI,REP,I,2082244.09,1768258.71,682625.8,1399418.29,2107393.77,12709.84,Jim Renacci,House
94,P000607,0.0,399215.3, MARK POCAN,DEM,I,1038950.75,827312.32,424777.21,614145.0,1038977.75,162.33,Mark Pocan,House
95,C001110,1610.15,33694.41, JOSE LUIS (LOU) MR. CORREA,DEM,O,946713.87,918038.25,498391.09,448322.78,951732.66,25825.0,J. Correa,House
96,M000934,18655.0,1192108.0, JERRY MORAN,REP,I,4256271.0,4680838.0,2098774.0,2157496.0,4492732.0,49693.0,Jerry Moran,Senate
97,J000299,0.0,196094.36, JAMES MICHAEL JOHNSON,REP,O,1138539.48,1005718.09,985476.2,152000.0,1201812.45,18700.0,Mike Johnson,House
98,S000364,0.0,836289.72, JOHN M SHIMKUS,REP,I,3199379.02,3398401.99,705569.31,2493559.71,3207855.8,5600.0,John Shimkus,House
99,N000189,0.0,39528.43, DAN NEWHOUSE,REP,I,1252419.92,1258846.84,510648.5,741771.42,1273706.25,5200.0,Dan Newhouse,House
100,N000127,0.0,181075.26, RICHARD M. NOLAN,DFL,I,3033925.71,2892902.31,1878996.16,1149756.94,3047314.2,14967.05,Rick Nolan,House
101,M001202,16000.0,12025.42, STEPHANIE MURPHY,DEM,C,1067210.18,1071897.72,632642.97,423567.21,1083923.14,8735.53,Stephanie Murphy,House
102,E000291,21387.5,1494.77, RENEE JACISIN ELLMERS,REP,I,1372994.69,1544183.61,282386.67,1090608.02,1393532.73,107207.92,Renee Ellmers,House
103,C001084,0.0,733171.0, DAVID N CICILLINE,DEM,I,1515570.94,913194.34,1089375.94,426195.0,1523477.59,10406.0,David Cicilline,House
104,M001159,26852.0,35027.0, CATHY MCMORRIS RODGERS,REP,I,2718616.0,3421787.0,1221190.0,1497426.0,3274060.0,22470.0,Cathy McMorris Rodgers,House
105,G000558,0.0,1779094.57, S. BRETT HON. GUTHRIE,REP,I,1715408.25,1318277.41,254580.24,1460828.01,1729823.77,9525.0,Brett Guthrie,House
106,V000108,0.0,321164.78, PETER J. VISCLOSKY,DEM,I,1009837.36,949664.81,362011.08,645326.28,1009860.99,100.0,Peter Visclosky,House
107,M001163,1400.0,374973.71, DORIS MATSUI,DEM,I,1103090.61,1003549.57,282549.16,820479.5,1103289.27,0.0,Doris Matsui,House
108,H001077,81984.5,24807.85, CAPTAIN CLAY HIGGINS,REP,C,403654.87,379115.16,345504.87,58150.0,403923.01,0.0,Clay Higgins,House
109,B001273,0.0,65235.63, DIANE L MRS. BLACK,REP,I,1804933.21,2819757.52,713034.55,1091898.66,1818177.58,7750.0,Diane Black,House
110,R000599,0.0,990316.4, RAUL DR. RUIZ,DEM,I,3218740.61,2603224.23,2125195.28,1088550.58,3219813.81,57360.86,Raul Ruiz,House
111,L000554,0.0,350535.19, FRANK A. LOBIONDO,REP,I,1581596.51,1640946.72,433539.39,1147307.12,1598321.69,12900.0,Frank LoBiondo,House
112,A000367,0.0,217637.24, JUSTIN AMASH,REP,I,674288.28,799297.29,637088.28,36200.0,688107.52,2000.0,Justin Amash,House
113,B001302,317301.02,48597.08, ANDY BIGGS,REP,O,679532.63,947069.35,452132.13,227400.5,995666.43,1000.0,Andy Biggs,House
114,M001151,0.0,1188615.41, TIMOTHY MURPHY,REP,I,1492154.57,1129959.96,505996.58,986157.99,1499654.48,13900.0,Tim Murphy,House
115,C001096,0.0,395408.26, KEVIN MR. CRAMER,REP,I,1406340.42,1033730.28,534840.42,871500.0,1408240.58,1600.0,Kevin Cramer,House
116,R000592,0.0,1315564.74, THEODORE EDWARD ROKITA,REP,I,1431369.46,1178655.37,903422.77,527221.69,1441198.76,1775.0,Todd Rokita,House
117,G000577,0.0,842717.11, GARRET GRAVES,REP,I,1948445.99,1603483.56,1066478.41,881967.58,1951463.2,24150.0,Garret Graves,House
118,W000779,0.0,3398289.0, RONALD L WYDEN,DEM,I,8209007.0,7621379.0,6048066.0,2160941.0,8685642.0,30415.0,Ron Wyden,Senate
119,B001295,46000.0,7409.37, MICHAEL BOST,REP,I,2289697.22,2340925.06,1208172.73,1080524.49,2321040.38,6550.0,Mike Bost,House
120,K000381,0.0,2004233.23, DEREK KILMER,DEM,I,2074272.29,1076595.02,1030585.35,1043652.0,2140206.23,1052.0,Derek Kilmer,House
121,M000087,0.0,455868.06, CAROLYN B. MALONEY,DEM,I,1688309.28,1709392.28,891989.28,796320.0,1688309.28,1072.12,Carolyn Maloney,House
122,D000096,58954.71,307445.51, DANNY K. MR. DAVIS,DEM,I,549107.32,503244.38,57587.8,491519.52,549137.99,0.0,Danny Davis,House
123,R000604,0.0,29717.7, STEVEN DANE RUSSELL,REP,I,865512.45,847767.97,459458.33,406054.12,865837.42,250.0,Steve Russell,House
124,C000059,2370.5,582349.73, KEN CALVERT,REP,I,1445949.49,1276116.53,702944.0,743005.49,1452907.26,2050.0,Ken Calvert,House
125,H001071,0.0,71556.58, JODY HICE,REP,I,493832.07,425435.32,291352.82,202379.25,494549.33,3800.0,Jody Hice,House
126,G000548,0.0,89866.75, SCOTT REP. GARRETT,REP,I,2431098.42,4361463.81,1682840.91,746457.51,2469908.66,30930.0,Scott Garrett,House
127,V000129,0.0,49171.81, DAVID VALADAO,REP,I,2773993.69,2822073.4,1248328.32,1520665.37,2783958.76,15485.0,David Valadao,House
128,J000255,0.0,105143.98, WALTER B. JONES,REP,I,673200.69,695578.94,431000.69,242200.0,675247.86,15.0,Walter Jones,House
129,D000399,0.0,3681782.96, LLOYD DOGGETT,DEM,I,966920.23,421687.18,642519.81,324400.42,1061859.25,0.0,Lloyd Doggett,House
130,T000238,0.0,505030.51, MAC THORNBERRY,REP,I,1821138.74,1698238.18,943362.05,877776.69,1824829.15,2725.0,William Thornberry,House
131,R000597,0.0,525309.5, TOM RICE,REP,I,1112045.07,966223.53,433295.07,678750.0,1113297.11,5400.0,Tom Rice,House
132,N000188,15161.83,99462.67, DONALD W NORCROSS,DEM,I,2178838.83,2358006.4,1299124.02,879714.81,2431549.03,10.0,Donald Norcross,House
133,B001267,374819.0,1715122.0, MICHAEL F BENNET,DEM,I,13783836.0,15094864.0,10726326.0,2998307.0,15575583.0,133399.0,Michael Bennet,Senate
134,B001271,99500.0,435324.73, DANIEL J. BENISHEK,REP,I,514491.5,120674.61,185491.5,329000.0,529520.91,1250.0,Dan Benishek,House
135,K000376,90000.0,742101.76, GEORGE J JR KELLY,REP,I,1769994.23,1219325.08,645449.46,1123544.77,1823035.97,3650.0,Mike Kelly,House
136,D000604,0.0,852892.91, CHARLES W. REP. DENT,REP,I,1660125.99,1754284.94,622721.0,1037404.99,1669362.27,6816.67,Charlie Dent,House
137,B000575,0.0,157283.0, ROY BLUNT,REP,I,10714165.0,14133485.0,6658523.0,4043644.0,12077039.0,138002.0,Roy Blunt,Senate
138,W000795,0.0,630802.33, JOE THE HON. WILSON,REP,I,1146970.81,744980.15,503920.81,643050.0,1153117.97,500.0,Joe Wilson,House
139,G000289,0.0,765336.16, ROBERT W. GOODLATTE,REP,I,1776597.32,2007353.48,769787.22,1006283.85,1794187.63,12000.0,Robert Goodlatte,House
140,P000258,0.0,569667.16, COLLIN CLARK PETERSON,DEM,I,1201902.92,684956.19,196241.04,1005647.87,1203941.53,100.0,Collin Peterson,House
141,M000303,0.0,421864.0, JOHN S MCCAIN,REP,I,10323214.0,13353389.0,8126193.0,2144221.0,11756078.0,96133.0,John McCain,Senate
142,S001172,0.0,1176366.91, ADRIAN SMITH,REP,I,1156076.49,773856.83,234618.5,921457.99,1165784.51,2750.0,Adrian Smith,House
143,H001048,0.0,720060.34, DUNCAN D. HUNTER,REP,I,1092662.46,936452.99,293229.14,799433.32,1203940.64,2000.0,Duncan Hunter,House
144,D000614,0.0,974828.97, SEAN DUFFY,REP,I,2309198.67,2038977.53,1129150.69,1179747.98,2339393.44,35200.0,Sean Duffy,House
145,L000570,0.0,803410.86, BEN R MR. LUJAN,DEM,I,2108363.56,1876450.93,685858.67,1422504.89,2109472.55,1150.0,Ben Luján,House
146,P000593,0.0,351224.72, EDWIN G PERLMUTTER,DEM,I,1891982.13,1738254.37,698429.77,1193552.36,1907702.23,0.0,Ed Perlmutter,House
147,V000130,2784.94,79713.7, JUAN C. VARGAS,DEM,I,1007348.59,1069031.38,224522.32,782750.0,1138131.37,1000.0,Juan Vargas,House
148,S000522,0.0,272388.94, CHRISTOPHER H SMITH,REP,I,727343.29,665374.49,460609.51,266223.78,728767.64,3475.0,Christopher Smith,House
149,L000560,0.0,143832.43, RICK LARSEN,DEM,I,957708.16,1116830.47,212695.64,744998.5,958052.51,525.0,Rick Larsen,House
150,T000193,0.0,1256941.99, BENNIE G. THOMPSON,DEM,I,1026237.54,1029507.38,158570.65,867666.89,1029909.16,0.0,Bennie Thompson,House
151,T000461,493482.0,127390.0, PATRICK JOSEPH TOOMEY,REP,I,20752438.0,27781417.0,16904627.0,3788903.0,22084253.0,451817.0,Patrick Toomey,Senate
152,G000581,500000.0,120500.6, VICENTE MR. GONZALEZ,DEM,O,576195.0,2305694.4,287833.0,288362.0,2426195.0,1000.0,Vicente Gonzalez,House
153,S001200,0.0,20515.33, DARREN SOTO,DEM,O,1198519.8,1188607.94,703938.54,490081.26,1209123.27,12100.0,Darren Soto,House
154,H001047,0.0,2068163.93, JIM HIMES,DEM,I,2076102.84,1144648.03,1075373.56,1000729.28,2167398.67,43015.0,Jim Himes,House
155,F000464,0.0,103428.99, JOHN J. MR. FASO,REP,O,2955887.9,2922131.3,2437338.64,496156.06,3025560.29,12185.0,John Faso,House
156,J000295,0.0,365568.73, DAVID P JOYCE,REP,I,2114215.84,2028677.12,991574.03,1121866.81,2119215.84,1000.0,Dave Joyce,House
157,H001051,194000.0,253702.85, RICHARD L. HANNA,REP,I,323322.27,162572.73,58900.64,264421.63,325624.53,0.0,Richard Hanna,House
158,H001034,114129.74,32308.97, MIKE HONDA,DEM,I,2987535.75,2984634.37,2229590.42,757945.33,2996005.94,28019.43,Michael Honda,House
159,T000477,28714.55,64967.39, SCOTT TAYLOR,REP,O,832852.99,806017.6,520153.04,307699.95,870984.99,1500.0,Scott Taylor,House
160,M001177,6552.44,275176.34, THOMAS MCCLINTOCK,REP,I,1057559.0,1000517.91,922464.55,135094.45,1058570.56,18200.0,Tom McClintock,House
161,A000372,1125000.0,105396.4, RICHARD W ALLEN,REP,I,1124539.5,1098325.93,618864.5,505675.0,1143612.76,0.0,Rick Allen,House
162,F000372,441079.0,470315.96, RODNEY P. FRELINGHUYSEN,REP,I,1940895.99,1672002.44,1010830.65,924020.34,1994556.82,800.0,Rodney Frelinghuysen,House
163,R000486,0.0,72624.8, LUCILLE ROYBAL-ALLARD,DEM,I,656532.58,613085.03,292432.9,364099.68,656653.58,1100.0,Lucille Roybal-Allard,House
164,C001103,250000.0,503534.3, EARL LEROY CARTER,REP,I,1262277.25,987256.84,597539.64,664737.61,1271835.81,8300.0,Buddy Carter,House
165,J000289,0.0,1313687.71, JAMES D. JORDAN,REP,I,728929.54,422966.51,370033.49,354896.05,733416.16,1050.0,Jim Jordan,House
166,R000570,0.0,9098872.77, PAUL D. RYAN,REP,I,7453786.14,13433668.84,5921544.44,1532241.7,19852220.75,38075.0,Paul Ryan,House
167,T000465,0.0,467875.43, NICOLA S TSONGAS,DEM,I,1170145.18,1146668.15,781470.38,388674.8,1213205.85,12613.8,Niki Tsongas,House
168,C001069,0.0,622922.48, JOSEPH D COURTNEY,DEM,I,1190962.6,1154847.28,472196.54,718766.06,1202548.39,-750.0,Joe Courtney,House
169,W000796,0.0,524823.94, LYNN A. WESTMORELAND,REP,I,431649.87,338179.52,157519.4,274130.47,449972.29,5000.0,Lynn Westmoreland,House
170,P000523,0.0,215563.1, DAVID E. PRICE,DEM,I,788243.51,793951.71,340863.52,445079.99,793105.6,3000.0,David Price,House
171,G000579,255000.0,61825.45, MICHAEL JOHN GALLAGHER,REP,O,2765301.59,2703822.81,2138575.53,606126.06,2765648.26,8175.0,Mike Gallagher,House
172,C001061,0.0,508615.16, EMANUEL II CLEAVER,DEM,I,1164094.66,793180.46,249520.88,914573.78,1165082.56,22800.0,Emanuel Cleaver II,House
173,D000622,0.0,137402.0, L TAMMY DUCKWORTH,DEM,C,14297445.0,16761919.0,12903810.0,1334332.0,16499322.0,120768.0,Tammy Duckworth,Senate
174,F000459,0.0,549087.01, CHARLES J FLEISCHMANN,REP,I,1643409.74,1151336.93,989684.46,653725.28,1647860.81,13900.0,Chuck Fleischmann,House
175,C001094,0.0,571214.27, PAUL COOK,REP,I,942251.19,909665.99,338410.0,603841.19,944657.62,7450.0,Paul Cook,House
176,B001291,0.0,554184.94, BRIAN BABIN,REP,I,1118886.62,724373.84,572591.62,546295.0,1131999.66,3100.0,Brian Babin,House
177,W000810,0.0,323453.65, ROB REP. WOODALL,REP,I,656270.26,390260.26,219078.0,437192.26,663565.45,0.0,Rob Woodall,House
178,H001061,100000.0,1822584.0, JOHN HOEVEN,REP,I,2726945.0,2064342.0,1264087.0,1361856.0,2943354.0,31671.0,John Hoeven,Senate
179,D000624,0.0,448488.87, DEBBIE DINGELL,DEM,I,1175977.27,1056245.1,588277.18,587677.87,1176763.41,2500.0,Debbie Dingell,House
180,D000197,0.0,100044.55, DIANA L. DEGETTE,DEM,I,1255895.61,1176316.68,534656.31,721239.3,1256204.07,488.15,Diana DeGette,House
181,D000600,0.0,490742.18, MARIO DIAZ-BALART,REP,I,1368267.02,1529748.66,424077.53,943881.69,1385125.59,6750.0,Mario Diaz-Balart,House
182,M001150,0.0,0.0, CANDICE S. MILLER,REP,,0.0,0.0,0.0,0.0,0.0,0.0,Candice Miller,House
183,K000389,211736.76,55091.87, ROHIT KHANNA,DEM,C,3723321.31,3679115.6,3717921.31,0.0,3732538.09,19150.0,Ro Khanna,House
184,K000392,488634.3,112321.76, DAVID KUSTOFF,REP,O,1167011.75,1284599.03,973566.0,190245.75,1394368.03,4500.0,David Kustoff,House
185,F000030,0.0,130853.61, SAM FARR,DEM,I,211894.88,190209.97,77425.25,134469.63,212350.88,12000.0,Sam Farr,House
186,R000395,0.0,1100885.55, HAROLD DALLAS ROGERS,REP,I,1323453.18,1363365.48,376154.18,947299.0,1335280.11,19800.0,Harold Rogers,House
187,B001274,0.0,1170937.7, MO BROOKS,REP,I,471340.21,119723.76,211307.0,260033.21,476225.18,50.0,Mo Brooks,House
188,L000586,151958.34,95318.11, ALFRED JR LAWSON,DEM,C,347096.92,363409.22,216096.92,131000.0,449398.57,2000.0,Al Lawson,House
189,B001236,0.0,458682.0, JOHN BOOZMAN,REP,I,3931264.0,3988330.0,2152542.0,1768646.0,4178410.0,12863.0,John Boozman,Senate
190,S001198,0.0,185621.0, DAN SULLIVAN,REP,,248520.0,341762.0,158020.0,90500.0,269003.0,0.0,Dan Sullivan,Senate
191,V000131,0.0,369355.95, MARC ALLISON MR. VEASEY,DEM,I,1403320.35,1243464.9,715837.9,687482.45,1408175.76,400.0,Marc Veasey,House
192,Y000062,132262.4,412694.37, JOHN A MR YARMUTH,DEM,I,688776.27,768222.18,252710.21,435977.07,690649.72,0.0,John Yarmuth,House
193,M001199,64499.36,94618.13, BRIAN MAST,REP,O,2854556.72,2872938.76,2386588.22,460468.5,2967556.89,18885.0,Brian Mast,House
194,D000623,0.0,224500.29, MARK DESAULNIER,DEM,I,626213.01,425816.84,323974.34,302230.0,629490.86,1000.0,Mark DeSaulnier,House
195,J000032,0.0,118837.01, SHEILA JACKSON LEE,DEM,I,485724.07,579702.28,237997.04,238227.03,485724.07,0.0,Sheila Jackson Lee,House
196,P000606,928833.67,4246.78, ROBERT M. HON. PITTENGER,REP,I,782116.88,1210766.06,212956.88,568610.0,1140818.29,2850.0,Robert Pittenger,House
197,C001066,0.0,641441.43, KATHY CASTOR,DEM,I,726511.17,847945.54,301761.17,424750.0,735013.13,900.0,Kathy Castor,House
198,C001045,0.0,536998.75, ANDER CRENSHAW,REP,I,1084631.0,596283.62,327932.64,756698.36,1120178.97,1100.0,Ander Crenshaw,House
199,B001250,2859.2,184499.31, ROBERT BISHOP,REP,I,1035259.67,896634.73,414486.1,620773.57,1035353.03,500.0,Rob Bishop,House
200,B001135,0.0,235536.0, RICHARD M BURR,REP,I,10937743.0,9120516.0,6946893.0,3942675.0,12566765.0,97877.0,Richard Burr,Senate
201,D000533,0.0,959084.65, JOHN J REP. JR. DUNCAN,REP,I,356476.1,509943.24,102245.0,254231.1,382499.02,0.0,John Duncan Jr.,House
202,L000587,12500.0,9836.66, JASON MARK MR. LEWIS,REP,O,1045435.18,1035971.94,770697.68,272712.5,1045808.6,14950.0,Jason Lewis,House
203,D000625,0.0,186363.34, DAN DONOVAN,REP,I,1901079.49,1807089.33,1096196.3,799883.19,1993452.67,22125.0,Daniel Donovan,House
204,C000542,0.0,0.0, DANIEL R COATS,REP,,0.0,0.0,0.0,0.0,0.0,0.0,Daniel Coats,Senate
205,G000560,0.0,879701.75, JOHN THOMAS MR. JR. GRAVES,REP,I,1322701.26,777699.83,514076.26,808625.0,1368637.9,12425.0,Tom Graves,House
206,R000598,193477.71,613672.49, KEITH MR. ROTHFUS,REP,I,1621769.9,1674103.8,1047725.9,572844.0,1756636.42,12685.78,Keith Rothfus,House
207,E000294,0.0,137564.83, THOMAS EARL JR. EMMER,REP,I,1724081.39,1767927.84,935351.39,788730.0,1887293.93,14900.0,Tom Emmer,House
208,A000368,0.0,176170.0, KELLY A AYOTTE,REP,I,14362969.0,18323964.0,11180567.0,3125102.0,15440172.0,229865.0,Kelly Ayotte,Senate
209,J000293,548477.0,44263.0, RONALD HAROLD JOHNSON,REP,I,16911762.0,18245101.0,14640881.0,2219078.0,17683385.0,287919.0,Ron Johnson,Senate
210,T000468,5000.0,248749.38, DINA TITUS,DEM,I,951106.35,831769.5,439281.93,511824.42,952070.38,5250.0,Dina Titus,House
211,C001090,415000.0,561068.81, MATT CARTWRIGHT,DEM,I,942154.56,861672.0,506082.49,436072.07,969667.01,348.43,Matt Cartwright,House
212,T000462,0.0,5167553.69, PATRICK J. TIBERI,REP,I,4538958.72,1895942.7,1678352.29,2860606.43,4561513.63,5100.0,Pat Tiberi,House
213,H001036,0.0,648063.2, JEB HON. HENSARLING,REP,I,2201172.38,3207303.01,945061.94,1256110.44,2258314.34,14700.0,Jeb Hensarling,House
214,L000563,0.0,1258221.94, DANIEL WILLIAM WILLIAM LIPINSKI,DEM,I,880336.04,675798.29,237773.3,642562.74,886350.28,0.0,Daniel Lipinski,House
215,C001105,0.0,49432.65, BARBARA J HONORABLE COMSTOCK,REP,I,4846725.58,5342922.33,2911705.58,1930020.0,5331366.52,42366.66,Barbara Comstock,House
216,P000613,0.0,229455.49, JAMES VARNI PANETTA,DEM,O,1415662.59,1055822.85,1079044.71,336507.88,1417167.59,7050.0,Jimmy Panetta,House
217,W000814,144000.0,368128.6, RANDY WEBER,REP,I,624958.06,533946.67,424908.06,190050.0,625262.86,12864.49,Randy Weber,House
218,B001305,34000.0,19592.69, THEODORE P MR. BUDD,REP,C,561097.41,591736.07,392737.91,167259.5,611328.76,800.0,Ted Budd,House
219,D000613,169365.76,29616.52, ROBERT JAMES JR DOLD,REP,I,5314551.08,5650246.2,3030284.67,2284266.41,5488206.47,70601.68,Robert Dold,House
220,C001106,0.0,246528.75, RYAN A COSTELLO,REP,I,2457908.18,2360488.65,983245.78,1474599.1,2484857.41,15250.0,Ryan Costello,House
221,A000375,0.0,256386.47, JODEY COOK ARRINGTON,REP,O,1565344.67,1336784.41,1166834.23,398510.44,1593170.88,4321.45,Jodey Arrington,House
222,B001299,84104.27,144259.61, JAMES E BANKS,REP,O,1755487.43,1611227.82,1392377.8,361985.0,1755487.43,13534.76,Jim Banks,House
223,S000248,0.0,42635.02, JOSE E. SERRANO,DEM,I,276468.99,276835.84,73268.99,203200.0,276468.99,0.0,José Serrano,House
224,N000002,0.0,683761.38, JERROLD L. MR. NADLER,DEM,I,1610566.8,1249189.56,1081746.77,528820.03,1611448.37,5000.0,Jerrold Nadler,House
225,C001107,132779.42,43369.74, CARLOS MR. CURBELO,REP,I,3539488.17,3852722.34,1725922.25,1813565.92,3885811.58,12860.16,Carlos Curbelo,House
226,C000714,37851.29,13477.81, JOHN JR. CONYERS,DEM,I,623733.24,622192.61,183986.97,439746.27,627678.4,1850.0,John Conyers Jr.,House
227,W000820,17976.47,393069.98, MIMI WALTERS,REP,I,1426708.08,1690947.44,406408.08,1020300.0,1977608.5,3758.0,Mimi Walters,House
228,M001165,10000.0,1517819.17, KEVIN MCCARTHY,REP,I,4623591.51,8161454.49,1343844.42,3279747.09,7824640.59,55800.0,Kevin McCarthy,House
229,K000210,0.0,2668111.58, PETER T. HON. KING,REP,I,1049442.0,1310730.13,560842.0,488600.0,1066997.59,3000.0,Peter King,House
230,W000822,7550.0,79012.85, BONNIE WATSON COLEMAN,DEM,I,1101420.35,1030812.46,561995.35,539425.0,1102180.85,5744.77,Bonnie Watson Coleman,House
231,B001251,0.0,643896.09, G K BUTTERFIELD,DEM,I,1105148.86,857160.04,193317.5,907831.36,1113965.75,1270.0,G. Butterfield,House
232,S001185,0.0,964525.76, TERRYCINA ANDREA SEWELL,DEM,I,1626705.21,1087017.93,363610.21,1263095.0,1630079.97,13200.0,Terri Sewell,House
233,F000455,0.0,768522.92, MARCIA L FUDGE,DEM,I,721827.82,621791.25,75090.13,646737.69,722468.99,9419.95,Marcia Fudge,House
234,B001282,0.0,476579.15, GARLAND ANDY BARR,REP,I,2525822.95,2604489.66,1388449.05,1137173.9,2592303.48,19450.0,Andy Barr,House
235,R000575,0.0,525546.96, MICHAEL DENNIS ROGERS,REP,I,1135277.0,1071289.42,459627.0,660800.0,1139022.37,1200.0,Mike Rogers,House
236,K000386,0.0,285701.32, JOHN M KATKO,REP,I,2555770.02,2431861.59,1131459.14,1422310.88,2703779.53,26725.0,John Katko,House
237,C001038,0.0,1121355.9, JOSEPH CROWLEY,DEM,I,2373094.92,3135513.46,722336.83,1650758.09,3023443.91,12860.0,Joseph Crowley,House
238,F000460,0.0,37444.31, RANDOLPH BLAKE FARENTHOLD,REP,I,1099387.68,1113535.86,592920.91,506466.77,1103979.0,2250.0,Blake Farenthold,House
239,C001092,0.0,699176.77, CHRISTOPHER C COLLINS,REP,I,1161740.11,1085159.37,386260.11,770455.0,1173542.34,2700.0,Chris Collins,House
240,H001050,224905.76,517814.91, COLLEEN WAKAKO HANABUSA,DEM,O,972777.38,489871.41,668660.51,304116.87,972777.38,500.0,Colleen Hanabusa,House
241,L000562,0.0,1094211.31, STEPHEN LYNCH,DEM,I,1210634.66,528715.64,848114.66,362520.0,1216340.21,51.0,Stephen Lynch,House
242,K000188,0.0,2254236.36, RONALD JAMES KIND,DEM,I,2096314.53,1322498.53,426108.25,1670206.28,2112491.7,0.0,Ron Kind,House
243,W000804,0.0,892494.6, ROBERT J MR. WITTMAN,REP,I,1042405.36,1050400.71,530825.26,511580.1,1047333.61,5600.0,Robert Wittman,House
244,K000362,0.0,126603.15, STEVE MR. KING,REP,I,939486.29,957450.0,642101.29,290485.0,947982.84,3300.0,Steve King,House
245,R000582,0.0,474128.68, DAVID PHILLIP DR. ROE,REP,I,402977.06,309828.08,396977.06,6000.0,403651.27,3000.0,Phil Roe,House
246,C001077,0.0,16612.59, MIKE REP. COFFMAN,REP,I,3476832.11,3574756.56,2133858.96,1322973.15,3568845.95,45485.0,Mike Coffman,House
247,G000570,21787.89,13820.67, FRANK GUINTA,REP,I,1428532.25,1545515.37,643906.09,784126.16,1540561.73,26000.0,Frank Guinta,House
248,M001188,0.0,1067950.39, GRACE MENG,DEM,I,1255576.86,829336.66,976304.64,279250.0,1257531.33,2700.0,Grace Meng,House
249,W000808,15250.0,339950.79, FREDERICA S. WILSON,DEM,I,488779.75,397311.07,106195.22,382584.53,488779.75,5000.0,Frederica Wilson,House
250,P000601,2500.0,231698.04, STEVEN MCCARTY PALAZZO,REP,I,773901.28,609274.42,235101.28,538800.0,782618.1,2500.0,Steven Palazzo,House
251,M001111,0.0,3721343.0, PATTY MURRAY,DEM,I,8972333.0,8368803.0,6164163.0,2808166.0,10176109.0,91855.0,Patty Murray,Senate
252,D000191,0.0,712929.25, PETER A DEFAZIO,DEM,I,1498315.45,886114.95,632091.5,866223.95,1502596.63,13966.61,Peter DeFazio,House
253,H001038,0.0,796505.88, BRIAN HIGGINS,DEM,I,791463.09,617043.91,454781.95,336506.14,792629.52,0.0,Brian Higgins,House
254,C000537,0.0,1260422.56, JAMES E. CLYBURN,DEM,I,2178944.32,2174025.0,392782.35,1786161.97,2183228.43,10575.0,James Clyburn,House
255,N000184,0.0,76550.9, KRISTI LYNN NOEM,REP,I,2325048.66,3071850.33,1156911.66,1166887.0,2346017.66,9450.0,Kristi Noem,House
256,Y000033,0.0,269726.86, DONALD E YOUNG,REP,I,1099997.03,1322055.12,640393.04,459603.99,1103561.86,5250.0,Don Young,House
257,L000174,0.0,2003840.0, PATRICK J LEAHY,DEM,I,3787651.0,3203224.0,2489178.0,1298473.0,3930892.0,5350.0,Patrick Leahy,Senate
258,B001275,0.0,312861.1, LARRY D. BUCSHON,REP,I,935207.0,987262.11,286282.0,648925.0,994854.35,13675.0,Larry Bucshon,House
259,T000474,4077.61,219623.97, NORMA TORRES,DEM,I,605673.16,443521.07,168924.44,436717.84,608052.88,0.0,Norma Torres,House
260,R000609,82000.0,1995.94, JOHN RUTHERFORD,REP,O,774630.38,833240.76,605880.38,166050.0,835236.7,0.0,John Rutherford,House
261,K000388,0.0,146887.15, JOHN TRENT KELLY,REP,I,1054487.85,950930.06,567829.85,485658.0,1104907.86,550.0,Trent Kelly,House
262,O000168,0.0,457843.56, PETER G. OLSON,REP,I,1528000.67,1424608.68,564355.23,963645.44,1551907.95,13125.0,Pete Olson,House
263,F000451,0.0,0.0, MICHAEL G. FITZPATRICK,REP,,0.0,0.0,0.0,0.0,0.0,0.0,Michael Fitzpatrick,House
264,D000482,0.0,216527.68, MIKE DOYLE,DEM,I,818446.56,817551.7,151434.44,667012.12,823547.8,5268.0,Mike Doyle,House
265,B001284,0.0,1347890.27, SUSAN MRS. BROOKS,REP,I,1624979.46,1233226.07,733033.42,891946.04,1734455.31,7350.0,Susan Brooks,House
266,M000312,0.0,428301.35, JAMES P MCGOVERN,DEM,I,928244.34,879240.05,457141.55,470963.78,933894.04,750.0,Jim McGovern,House
267,M001166,2954.15,210476.46, JERRY MCNERNEY,DEM,I,1215665.06,1154434.25,730858.38,484674.56,1217897.4,1100.0,Jerry McNerney,House
268,S001199,465992.52,34021.55, LLOYD K SMUCKER,REP,O,1070820.34,1694547.87,558847.34,506473.0,1728569.42,4411.0,Lloyd Smucker,House
269,K000009,0.0,567207.19, MARCY C HON. KAPTUR,DEM,I,899736.85,702774.18,310043.36,589693.49,900736.85,2702.63,Marcy Kaptur,House
270,S001191,0.0,2263633.3, KYRSTEN SINEMA,DEM,I,4099865.5,2441662.77,2232184.28,1862584.06,4402181.31,40524.89,Kyrsten Sinema,House
271,B001227,0.0,582375.12, ROBERT A BRADY,DEM,I,749141.0,722505.14,385241.0,363900.0,755407.09,0.0,Robert Brady,House
272,G000551,4015.59,58150.29, RAUL M GRIJALVA,DEM,I,660225.07,642529.38,338021.58,322203.49,664591.65,2793.5,Raúl Grijalva,House
273,S000244,0.0,482403.54, F. JAMES JR. SENSENBRENNER,REP,I,384528.15,296448.98,177278.15,205250.0,384926.81,0.0,F. Sensenbrenner,House
274,C001091,0.0,127232.2, JOAQUIN REP. CASTRO,DEM,I,1196473.77,1337910.86,554564.84,641908.93,1204584.21,4755.24,Joaquín Castro,House
275,Z000018,0.0,30862.32, RYAN K ZINKE,REP,I,5385578.39,6062277.48,4598645.07,781854.0,5684274.65,65794.12,Ryan Zinke,House
276,T000475,107662.0,26779.32, DAVID A TROTT,REP,I,1251120.63,1376818.13,835430.73,392721.13,1353149.44,12390.0,Dave Trott,House
277,D000615,0.0,65285.65, JEFFREY D MR. DUNCAN,REP,I,616965.81,715207.8,266665.81,350300.0,618229.2,6500.0,Jeffrey Duncan,House
278,A000373,500.0,2719.05, BRAD ASHFORD,DEM,I,2507379.46,2524959.12,1229955.55,1269094.27,2512188.38,4734.48,Brad Ashford,House
279,H001053,0.0,362153.75, VICKY HARTZLER,REP,I,927253.22,918745.78,503474.0,423529.22,928062.53,0.0,Vicky Hartzler,House
280,G000546,5522.41,455812.21, SAMUEL B JR 'SAM' GRAVES,REP,I,1485634.45,1465582.25,285313.05,1200321.4,1526911.24,3300.0,Sam Graves,House
281,L000582,5991.7,1054054.78, Ted Lieu,DEM,I,2051124.77,1116571.91,1556168.72,494955.05,2066220.28,23700.0,Ted Lieu,House
282,B001281,27500.0,861592.66, JOYCE BEATTY,DEM,I,1168560.86,681184.44,315238.86,850822.0,1184049.64,2500.0,Joyce Beatty,House
283,P000594,0.0,293381.09, ERIK PAULSEN,REP,I,5026343.44,5940747.24,2586612.29,2439231.15,5039167.45,14150.0,Erik Paulsen,House
284,H001058,0.0,208310.92, WILLIAM P THE HON. HUIZENGA,REP,I,1192863.49,1309020.13,430957.46,761906.03,1201720.31,100.0,Bill Huizenga,House
285,B000213,95025.0,421386.29, JOE LINUS BARTON,REP,I,1220594.62,1348463.14,490041.64,730552.98,1350975.29,2300.0,Joe Barton,House
286,N000182,0.0,775601.08, RANDY HONORABLE NEUGEBAUER,REP,I,253850.0,155515.4,47850.0,206000.0,255456.58,0.0,Randy Neugebauer,House
287,E000179,0.0,701454.0, ELIOT L. REP. ENGEL,DEM,I,1650418.82,1223216.42,1145911.27,504507.55,1650683.82,1000.0,Eliot Engel,House
288,S001176,0.0,413238.71, STEVE MR. SCALISE,REP,I,967703.07,3650778.44,477853.21,489849.86,3581223.24,5000.0,Steve Scalise,House
289,S000030,0.0,13127.5, LORETTA SANCHEZ,DEM,I,289160.57,670959.98,145810.57,142050.0,292357.43,100.0,Loretta Sánchez,House
290,W000797,0.0,157161.11, DEBBIE WASSERMAN SCHULTZ,DEM,I,3712195.27,4242401.09,2851940.8,860254.47,4037050.28,14694.19,Debbie Wasserman Schultz,House
291,C001037,0.0,763962.34, MICHAEL E CAPUANO,DEM,I,754121.15,695853.17,229021.15,522850.0,759925.09,5725.0,Michael Capuano,House
292,C001101,250000.0,952215.1, KATHERINE CLARK,DEM,I,1250425.2,669000.12,705903.62,544521.58,1317553.84,0.0,Katherine Clark,House
293,S001193,0.0,1014123.0, ERIC MICHAEL SWALWELL,DEM,I,1955931.63,1370215.24,1152727.12,803172.37,1986833.43,24855.0,Eric Swalwell,House
294,C001068,0.0,941671.33, STEPHEN IRA COHEN,DEM,I,614634.82,291800.44,169402.95,442731.87,615634.82,500.0,Steve Cohen,House
295,L000480,0.0,669717.71, NITA M LOWEY,DEM,I,1710151.84,1260912.01,1238201.84,471950.0,1711257.5,5000.0,Nita Lowey,House
296,C000880,0.0,2865764.0, MICHAEL  CRAPO,REP,I,4182506.0,4923910.0,2886863.0,2294342.0,4289036.0,21005.0,Michael Crapo,Senate
297,G000386,0.0,1006156.0, CHARLES E SENATOR GRASSLEY,REP,I,8198211.0,9787434.0,5633053.0,2560107.0,8954942.0,42209.0,Charles Grassley,Senate
298,B001301,305365.32,14933.66, John Bergman,REP,O,980400.97,1377305.77,590453.05,379871.93,1392239.43,1550.0,Jack Bergman,House
299,E000215,2403.04,402468.17, ANNA G. ESHOO,DEM,I,1369042.19,1315754.03,713488.25,655492.0,1375000.13,2000.0,Anna Eshoo,House
300,C001078,0.0,2299651.45, GERALD EDWARD CONNOLLY,DEM,I,2017301.63,1137247.31,1100550.75,906750.88,2027734.05,6132.37,Gerald Connolly,House
301,S001150,0.0,2106413.18, ADAM SCHIFF,DEM,I,958001.7,973437.67,513831.7,444170.0,975256.29,4000.0,Adam Schiff,House
302,P000605,0.0,214905.82, SCOTT PERRY,REP,I,676733.94,612699.19,306818.57,369850.37,676933.76,150.0,Scott Perry,House
303,P000603,0.0,228925.0, RAND PAUL,REP,I,3856024.0,7623625.0,2929424.0,878600.0,4951609.0,70703.0,Rand Paul,Senate
304,W000791,0.0,984153.76, GREGORY P MR. WALDEN,REP,I,3157941.39,3328855.23,1045777.78,2112163.61,3315749.26,10100.0,Greg Walden,House
305,R000576,0.0,1077084.2, C.A. DUTCH RUPPERSBERGER,DEM,I,1137423.77,1150355.61,512348.77,625075.0,1144544.26,3700.0,C.A. Dutch Ruppersberger,House
306,S001168,0.0,935514.46, JOHN P. MR. SARBANES,DEM,I,948320.52,760921.65,948320.52,0.0,948496.94,1500.0,John Sarbanes,House
307,S001201,30379.2,37002.7, THOMAS SUOZZI,DEM,O,2378395.99,2368534.31,2023515.5,353880.49,2408936.01,8800.0,Thomas Suozzi,House
308,B000755,72451.9,1468363.81, KEVIN BRADY,REP,I,4427258.62,4028312.5,1419180.89,3008077.73,4838388.89,26150.0,Kevin Brady,House
309,G000565,0.0,107593.03, PAUL DR. GOSAR,REP,I,707350.99,712872.46,415940.54,291410.45,707653.4,5100.0,Paul Gosar,House
310,H001067,0.0,92829.98, RICHARD L. JR. HUDSON,REP,I,2038972.63,2445102.02,706357.63,1332615.0,2098886.3,11740.0,Richard Hudson,House
311,C000754,0.0,875694.48, JAMES H S COOPER,DEM,I,646608.39,633841.14,294058.39,352550.0,653995.05,3230.0,Jim Cooper,House
312,W000821,0.0,344533.81, BRUCE MR. WESTERMAN,REP,I,716777.99,464458.86,337067.99,379710.0,716791.26,1000.0,Bruce Westerman,House
313,C001048,0.0,81691.61, JOHN CULBERSON,REP,I,1215539.53,1195460.96,648538.09,567001.44,1216620.06,2050.0,John Culberson,House
314,R000589,524500.0,362150.53, EDWARD SCOTT MR. RIGELL,REP,I,669152.02,506550.16,495397.02,173755.0,705723.92,3245.0,Scott Rigell,House
315,W000815,68544.9,568113.7, BRAD DR. WENSTRUP,REP,I,1120037.55,844399.79,718162.55,401875.0,1145267.64,10204.84,Brad Wenstrup,House
316,M001187,88500.0,208158.98, MARK R MEADOWS,REP,I,651719.32,625816.42,367952.24,283767.08,659568.95,1250.0,Mark Meadows,House
317,R000577,0.0,167181.54, TIMOTHY J. RYAN,DEM,I,1032211.22,1252585.81,482302.12,549909.1,1033644.83,8450.0,Tim Ryan,House
318,K000375,0.0,802897.47, WILLIAM RICHARD KEATING,DEM,I,1198875.87,444154.18,605698.21,593177.66,1200514.28,400.0,Bill Keating,House
319,B000574,0.0,1029930.36, EARL BLUMENAUER,DEM,I,1502169.03,1136839.04,592741.6,909427.43,1511721.32,7074.5,Earl Blumenauer,House
320,S000344,1152.51,1376673.53, BRAD SHERMAN,DEM,I,1649526.11,523951.14,930137.46,719388.65,1663502.31,2849.0,Brad Sherman,House
321,C000266,0.0,963447.81, STEVE CHABOT,REP,I,1017388.98,694473.37,543733.98,473655.0,1017388.98,5000.0,Steven Chabot,House
322,F000449,0.0,1586976.29, JEFFREY L. HONORABLE FORTENBERRY,REP,I,796312.4,375031.73,460812.4,335500.0,802661.38,500.0,Jeff Fortenberry,House
323,P000598,0.0,67922.77, JARED POLIS,DEM,I,1384306.57,1331751.71,904592.85,0.0,1389071.3,2012.0,Jared Polis,House
324,G000583,91028.4,79085.06, JOSH GOTTHEIMER,DEM,C,4786212.13,4720617.11,4121121.09,654733.97,4799702.17,16950.0,Josh Gottheimer,House
325,C001111,225292.63,98055.83, CHARLIE JOSEPH CRIST,DEM,C,1865597.29,1983386.46,1373006.6,479386.69,2081442.29,5740.0,Charlie Crist,House
326,S001165,0.0,290347.08, ALBIO SIRES,DEM,I,634799.52,582586.82,252378.22,382421.3,635397.21,2000.0,Albio Sires,House
327,G000552,0.0,22007.97, LOUIS B. MR. JR. GOHMERT,REP,I,736655.67,893598.65,630235.67,106420.0,742484.6,8100.0,Louie Gohmert,House
328,A000055,0.0,465512.26, ROBERT BROWN ADERHOLT,REP,I,1438009.77,1394461.23,484207.65,953802.12,1441035.62,5751.0,Robert Aderholt,House
329,S001148,0.0,153137.34, MICHAEL SIMPSON,REP,I,1015933.11,933105.89,274836.6,741096.51,1015933.11,2000.0,Mike Simpson,House
330,M001153,173772.0,91119.0, LISA MURKOWSKI,REP,I,4247951.0,6010705.0,2405338.0,1842813.0,4431094.0,47250.0,Lisa Murkowski,Senate
331,D000619,0.0,396800.06, RODNEY L DAVIS,UNK,I,2589112.91,2364757.42,757667.6,1828745.31,2635220.44,4850.0,Rodney Davis,House
332,E000297,75557.1,115104.93, ADRIANO ESPAILLAT,DEM,O,832789.01,726396.64,639354.01,193435.0,832875.23,31090.0,Adriano Espaillat,House
333,G000574,2500.0,383260.79, RUBEN GALLEGO,DEM,I,1088285.67,734379.24,568901.24,519361.49,1093477.4,5185.47,Ruben Gallego,House
334,C001097,58522.78,283826.51, TONY CARDENAS,DEM,I,1689791.35,1615771.97,678651.55,1011139.8,1705480.77,6519.82,Tony Cardenas,House
335,H001074,823541.84,304.99, TREY HOLLINGSWORTH,REP,O,516046.04,3601734.05,128473.74,285500.0,3602039.04,0.0,Trey Hollingsworth,House
336,A000371,0.0,950772.97, PETE AGUILAR,DEM,I,2936612.8,2011901.87,1806312.66,1124135.02,2954535.72,46551.34,Pete Aguilar,House
337,R000053,0.0,0.0, CHARLES B RANGEL,DEM,,0.0,0.0,0.0,0.0,0.0,0.0,Charles Rangel,House
338,T000469,0.0,592171.31, Paul David Tonko,DEM,I,1151206.89,1020207.57,444915.45,706291.44,1155680.62,768.56,Paul Tonko,House
339,P000096,20000.0,1335035.09, WILLIAM J. HON. PASCRELL,DEM,I,1739509.89,1370693.18,787431.69,952078.2,1743985.39,5000.0,Bill Pascrell Jr.,House
340,G000559,0.0,443765.93, JOHN GARAMENDI,DEM,I,1143263.58,879539.66,508626.22,634307.37,1145846.45,3675.0,John Garamendi,House
341,D000610,0.0,329473.57, THEODORE ELIOT DEUTCH,DEM,I,1512491.68,1715240.17,1097791.68,414700.0,1514747.39,3500.0,Ted Deutch,House
342,P000592,0.0,2064841.3, TED POE,REP,I,832327.14,623230.11,445616.7,386710.44,838509.88,5900.0,Ted Poe,House
343,V000081,7736.52,68926.55, NYDIA M VELAZQUEZ,DEM,I,771209.48,942899.8,316209.48,455000.0,772106.48,0.0,Nydia Velázquez,House
344,M001193,787985.57,7330.82, THOMAS MACARTHUR,REP,I,1696479.23,1918372.99,814034.98,882444.25,1921317.84,6675.0,Tom MacArthur,House
345,W000806,0.0,27349.7, DANIEL WEBSTER,REP,I,875119.86,1010409.94,648769.86,226350.0,875287.5,5400.0,Daniel Webster,House
346,D000598,0.0,255984.17, SUSAN DAVIS,DEM,I,484657.06,470870.68,153373.73,331283.33,485051.35,0.0,Susan Davis,House
347,V000128,41144.0,443302.0, CHRIS VAN HOLLEN,DEM,O,10014998.0,11481663.0,8584773.0,1430204.0,11963203.0,50838.0,Chris Van Hollen,Senate
348,F000456,0.0,4948.05, JOHN C MR. JR. FLEMING,REP,I,1076253.84,2692144.77,898753.84,177500.0,1606337.06,0.0,John Fleming,House
349,C001051,0.0,403409.52, JOHN R. REP. CARTER,REP,I,1057891.35,1257077.88,443411.25,614480.1,1062407.96,8500.0,John Carter,House
350,D000618,0.0,837629.0, STEVEN DAINES,REP,,126192.0,223315.0,61442.0,64750.0,201826.0,0.0,Steve Daines,Senate
351,H001056,0.0,386408.63, JAIME HERRERA BEUTLER,REP,I,1372112.2,1869961.98,932212.2,439400.0,1401198.72,8075.0,Jaime Herrera Beutler,House
352,S000583,0.0,582456.65, LAMAR SMITH,REP,I,1554591.33,1772750.36,748609.93,805981.4,1590453.96,19600.0,Lamar Smith,House
353,N000179,6046.0,144692.15, GRACE NAPOLITANO,DEM,I,733695.83,855099.07,178517.53,555178.3,748105.98,11625.0,Grace Napolitano,House
354,J000298,65762.62,27599.34, PRAMILA JAYAPAL,DEM,O,3005983.33,2982432.48,2619309.86,384865.33,3010031.82,18850.0,Pramila Jayapal,House
355,L000559,20480.59,640448.35, JAMES R. HONORABLE LANGEVIN,DEM,I,1154892.68,989612.96,641582.68,513310.0,1168206.09,7100.0,Jim Langevin,House
356,K000378,0.0,1477819.08, ADAM KINZINGER,REP,I,1794515.93,1024440.33,628104.85,1165611.08,1835619.81,6310.0,Adam Kinzinger,House
357,P000588,0.0,1272289.29, STEVAN E. PEARCE,REP,I,1852392.75,975999.4,1365180.65,487212.1,1860536.25,13000.0,Steve Pearce,House
358,B001269,107020.0,402910.61, LOU BARLETTA,REP,I,1301451.78,1031942.48,591117.88,710333.9,1347448.6,2805.99,Lou Barletta,House
359,G000575,0.0,1775852.8, GWEN GRAHAM,DEM,I,2155104.32,420416.12,1358791.63,793597.0,2163902.47,20701.0,Gwen Graham,House
360,R000588,8000.0,361089.06, CEDRIC L. RICHMOND,DEM,I,1402477.95,1175669.68,400463.41,1001988.28,1404764.61,3335.0,Cedric Richmond,House
361,S001156,0.0,418596.63, LINDA SANCHEZ,DEM,I,1477356.66,1501063.31,323516.54,1153276.24,1480952.91,6055.39,Linda Sánchez,House
362,C001053,0.0,1262352.54, TOM COLE,REP,I,1795228.75,1529341.82,827383.78,967844.97,1808368.65,3000.0,Tom Cole,House
363,R000607,450000.0,310355.98, FRANCIS ROONEY,REP,O,4686387.5,4836704.32,999633.5,0.0,5147060.3,3950.0,Francis Rooney,House
364,S000250,0.0,504139.13, PETE MR. SESSIONS,REP,I,2388971.85,2572845.8,1134116.89,1254854.96,2406308.5,4000.0,Pete Sessions,House
365,B001303,310600.0,124761.88, LISA BLUNT ROCHESTER,DEM,O,1111486.45,1451279.77,739011.19,363892.26,1576041.65,922.78,Lisa Blunt Rochester,House
366,S001196,0.0,542189.21, ELISE M. STEFANIK,REP,I,2808067.85,2631084.99,1355522.9,1447544.95,3150716.49,11618.3,Elise Stefanik,House
367,S001187,0.0,1314600.38, STEVE MR. STIVERS,REP,I,2940498.1,2599706.99,1040139.03,1900359.07,2981164.65,14350.0,Steve Stivers,House
368,Z000017,9133.53,373087.74, LEE M ZELDIN,REP,I,4132893.14,4086326.31,2822475.86,1302267.28,4412494.79,7100.0,Lee Zeldin,House
369,J000126,0.0,86823.05, EDDIE BERNICE JOHNSON,DEM,I,379386.34,375432.46,83735.0,295651.34,383489.59,0.0,Eddie Johnson,House
370,R000435,0.0,66659.58, ILEANA THE HON. ROS-LEHTINEN,REP,I,1512481.72,3436514.81,902192.36,610289.36,1558423.54,3700.0,Ileana Ros-Lehtinen,House
371,I000055,0.0,966597.0, JOHN HARDY ISAKSON,REP,I,8195000.0,9944253.0,5398553.0,2788946.0,8479376.0,140940.0,Johnny Isakson,Senate
372,T000467,0.0,284051.79, GLENN MR THOMPSON,REP,I,1180599.15,1232583.08,712559.68,468039.47,1206124.38,3918.95,Glenn Thompson,House
373,M001182,0.0,156797.36, JOHN MICHAEL 'MICK' MULVANEY,REP,I,1269473.77,1317527.76,584953.75,684520.02,1271154.29,6700.0,Mick Mulvaney,House
374,L000567,118088.06,160241.98, LEONARD LANCE,REP,I,1119222.4,1278475.07,424562.61,694659.79,1120242.4,1200.0,Leonard Lance,House
375,M001160,0.0,40092.09, GWEN S MOORE,DEM,I,1011874.22,992372.26,235199.22,776675.0,1018790.86,1600.0,Gwen Moore,House
376,W000800,0.0,1929496.44, PETER WELCH,DEM,I,1008955.1,779036.54,286227.46,722727.64,1018957.71,37900.0,Peter Welch,House
377,A000369,9000.0,145196.51, MARK EUGENE AMODEI,REP,I,862517.02,920531.45,463982.94,398534.08,870349.56,11009.37,Mark Amodei,House
378,L000581,0.0,261154.73, BRENDA LULENAR LAWRENCE,DEM,I,871180.3,700510.92,353429.21,517751.09,872534.44,18800.0,Brenda Lawrence,House
379,P000449,0.0,380564.0, ROB PORTMAN,REP,I,17784935.0,25277778.0,13598704.0,4134430.0,19849495.0,259338.0,Rob Portman,Senate
380,L000564,0.0,317319.23, DOUGLAS LAMBORN,REP,I,590501.14,340108.97,152901.14,437400.0,590783.39,2600.0,Doug Lamborn,House
381,M001198,135000.0,18359.91, ROGER W MARSHALL,REP,C,1269970.85,1635626.43,709523.3,506899.6,1653986.34,5150.0,Roger Marshall,House
382,H000874,0.0,692678.68, STENY HAMILTON HOYER,DEM,I,3454318.34,3846648.1,972700.13,2481618.21,3736291.14,6490.0,Steny Hoyer,House
383,F000466,129404.79,145769.47, BRIAN FITZPATRICK,REP,O,2173902.32,2033130.72,1345182.2,817554.0,2178900.19,18960.0,Brian Fitzpatrick,House
384,G000553,50000.0,234125.08, ALEXANDER GREEN,DEM,I,592659.17,602159.38,376659.17,216000.0,706231.24,2293.0,Al Green,House
385,I000056,48301.68,329151.63, DARRELL  ISSA,REP,I,2342828.11,6311313.06,1436803.26,870024.85,2890440.52,9010.0,Darrell Issa,House
386,S000051,0.0,1080640.34, MARSHALL C. HON. SANFORD,REP,I,741639.0,165469.81,489189.0,249450.0,741773.11,0.0,Mark Sanford,House
387,H001076,0.0,133450.0, MARGARET WOOD HASSAN,DEM,C,17128737.0,18564772.0,16125563.0,956373.0,18698223.0,122454.0,Margaret Hassan,Senate
388,Y000064,110675.0,65392.0, TODD CHRISTOPHER YOUNG,REP,O,9647139.0,11394679.16,7262247.0,2252143.0,10698358.53,429748.0,Todd Young,Senate
389,M001200,0.0,279010.41, ASTON DONALD MR. MCEACHIN,DEM,C,794894.05,516093.05,418487.58,375906.47,795103.46,2803.03,A. McEachin,House
390,M001196,0.0,1034735.84, SETH MOULTON,DEM,I,2597444.02,1634839.69,1891245.36,705090.0,2632276.6,33246.38,Seth Moulton,House
391,S001183,132918.62,28402.17, DAVID SCHWEIKERT,REP,I,527527.0,806820.62,184977.0,342550.0,797747.29,0.0,David Schweikert,House
392,D000627,4327.08,150779.73, VALDEZ VAL DEMINGS,DEM,C,160841.0,14388.35,140341.0,20500.0,165168.08,2700.0,Val Demings,House
393,B001243,7402.28,2551958.17, MARSHA MRS. BLACKBURN,REP,I,2167998.62,1503428.06,885637.82,1282360.8,2192758.42,5025.0,Marsha Blackburn,House
394,C001087,0.0,258577.0, ERIC ALAN RICK CRAWFORD,REP,I,669411.88,808955.49,261228.63,407500.0,669501.96,0.0,Rick Crawford,House
395,H000324,0.0,123102.13, ALCEE L HASTINGS,DEM,I,804615.66,843089.12,436506.0,364309.66,811734.3,6459.7,Alcee Hastings,House
396,D000626,250000.0,128542.03, WARREN DAVIDSON,REP,I,724239.78,849150.57,515244.45,199534.09,977808.93,0.0,Warren Davidson,House
397,W000819,0.0,225583.17, BRADLEY MARK WALKER,REP,I,890558.74,697129.76,514939.86,374256.88,907920.57,25060.0,Mark Walker,House
398,L000573,0.0,760.79, RAUL R. HON. LABRADOR,REP,I,493233.93,877578.38,274383.93,218850.0,508140.31,2314.18,Raúl Labrador,House
399,C001083,0.0,649505.35, JOHN CARNEY,DEM,I,241110.0,131465.15,51960.0,189150.0,241346.72,0.0,John Carney,House
400,M000702,0.0,0.0, BARBARA MIKULSKI,DEM,,0.0,0.0,0.0,0.0,0.0,0.0,Barbara Mikulski,Senate
401,L000565,0.0,960707.14, DAVID WAYNE LOEBSACK,DEM,I,1609715.95,699336.2,664698.5,935017.45,1626574.06,1250.0,Dave Loebsack,House
402,K000393,0.0,1220342.0, JOHN NEELY KENNEDY,REP,O,6094043.0,5017718.0,5077684.0,1016358.0,6238062.0,75775.0,John Kennedy,Senate
403,R000591,0.0,45450.72, MARTHA ROBY,REP,I,1403653.88,1850535.64,574878.88,828775.0,1404260.12,21833.03,Martha Roby,House
404,N000015,0.0,3017823.04, RICHARD E MR. NEAL,DEM,I,1759807.96,1409575.55,432656.79,1327151.17,1792791.11,0.0,Richard Neal,House
405,C001072,0.0,823347.4, ANDRE CARSON,DEM,I,1080346.84,983464.71,478006.97,593379.23,1121602.41,3676.31,André Carson,House
406,B001300,38000.0,13565.65, NANETTE BARRAGAN,DEM,O,1904759.29,1896569.59,1653580.94,226010.43,1910135.24,12718.02,Nanette Barragán,House
407,S001194,0.0,2247164.0, BRIAN SCHATZ,DEM,I,3774063.0,2549166.0,2217734.0,1556328.0,3842453.0,41956.0,Brian Schatz,Senate
408,R000515,25589.43,793.58, BOBBY LEE RUSH,DEM,I,589280.0,621691.5,121080.0,468200.0,589580.0,3200.0,Bobby Rush,House
409,K000368,0.0,1278.15, ANN KIRKPATRICK,DEM,I,413060.16,509260.52,204959.83,207500.0,422919.49,4653.98,Ann Kirkpatrick,House
410,B001255,0.0,1457571.14, CHARLES W. DR. JR. BOUSTANY,REP,I,1980557.6,891464.18,1085384.98,895172.62,1982517.44,13000.0,Charles Boustany Jr.,House
411,R000487,180799.66,2792414.67, Ed Royce,REP,I,4242202.78,3658681.36,2940800.78,1297894.5,4454818.3,13800.0,Edward Royce,House
412,W000413,0.0,2166703.5, WAYNE EDWARD WHITFIELD,REP,I,454693.0,216258.39,75083.0,379610.0,456366.42,0.0,Edward Whitfield,House
413,B001270,-75.0,245400.89, KAREN BASS,DEM,I,639999.4,679228.98,265505.15,374494.25,648452.4,5250.0,Karen Bass,House
414,M001190,0.0,152333.54, MARKWAYNE MR. MULLIN,REP,I,1491121.62,1620254.08,561821.62,929300.0,1588433.64,5100.0,Markwayne Mullin,House
415,G000564,0.0,0.0, CHRISTOPHER P GIBSON,REP,,0.0,0.0,0.0,0.0,0.0,0.0,Chris Gibson,House
416,H001057,5375.72,83994.73, TIMOTHY A REPRESENTA HUELSKAMP,REP,I,931579.78,1347875.17,754059.35,177520.43,945520.99,22397.0,Tim Huelskamp,House
417,F000450,0.0,2411990.03, VIRGINIA ANN FOXX,REP,I,1566246.15,1205016.4,883389.67,682606.48,1580094.72,0.0,Virginia Foxx,House
418,C001063,0.0,2077784.05, HENRY CUELLAR,DEM,I,1668041.17,929900.1,684250.66,968040.51,1689931.66,3175.0,Henry Cuellar,House
419,J000292,0.0,685082.58, BILL JOHNSON,REP,I,1672307.85,1350957.09,585355.98,1086950.0,1700076.35,4600.0,Bill Johnson,House
420,T000250,0.0,10642932.0, JOHN THUNE,REP,I,4688781.0,4242752.0,2302809.0,2385972.0,5170324.0,34920.0,John Thune,Senate
421,S001195,0.0,529654.29, JASON T SMITH,UNK,I,1662795.92,1312776.97,551291.73,1109895.19,1696238.68,1000.0,Jason Smith,House
422,C001108,0.0,84563.38, JAMES COMER,REP,O,1053372.08,1070732.08,715626.07,328601.11,1155295.46,0.0,James Comer,House
423,P000599,0.0,465791.23, BILL POSEY,REP,I,895233.04,772848.12,484413.04,410820.0,896408.67,7250.0,Bill Posey,House
424,D000617,495000.0,500941.52, SUZAN K DELBENE,DEM,I,1969964.88,1625142.38,1080204.93,888575.95,2027435.85,14480.07,Suzan DelBene,House
425,B000287,0.0,1488152.88, XAVIER BECERRA,DEM,I,1750953.92,1668558.97,613860.45,1137093.47,1867773.33,7059.08,Xavier Becerra,House
426,H001065,290339.6,13478.99, GEORGE E MR. HOLDING,REP,I,2670153.6,2786514.67,1179908.47,1490245.13,2773011.64,14450.0,George Holding,House
427,S001190,105000.0,142656.82, BRADLEY SCOTT SCHNEIDER,DEM,C,5057641.15,5057592.74,4240872.28,801368.87,5197782.27,95678.37,Brad Schneider,House
428,R000583,0.0,70654.39, TOM MR. ROONEY,REP,I,617649.03,918536.35,127826.54,489822.49,625662.49,-1150.0,Tom Rooney,House
429,G000568,0.0,90429.03, H MORGAN GRIFFITH,REP,I,829701.25,902724.0,277847.25,549554.0,836461.12,0.0,Morgan Griffith,House
430,C001113,0.0,220554.0, CATHERINE CORTEZ MASTO,DEM,O,18682619.74,19005870.0,16584262.46,1151754.28,19968577.25,322240.0,Catherine Cortez Masto,Senate
431,E000296,0.0,35755.63, DWIGHT EVANS,DEM,C,1531974.56,1498444.63,1156440.0,375534.56,1534200.26,10826.16,Dwight Evans,House
432,Y000063,0.0,435352.58, KEVIN YODER,REP,I,3194092.67,4081243.76,1495770.6,1698322.07,3255822.98,2937.5,Kevin Yoder,House
433,H001063,0.0,0.0, JANICE HAHN,DEM,,0.0,0.0,0.0,0.0,0.0,0.0,Janice Hahn,House
434,L000263,0.0,226728.48, SANDER M MR LEVIN,DEM,I,1291693.1,1279793.74,252813.1,1038880.0,1306856.98,300.0,Sander Levin,House
435,G000410,200.0,1078649.84, RAYMOND E. 'GENE' GREEN,DEM,I,1803222.68,1908763.16,520639.24,1282583.44,1804288.75,5000.0,Gene Green,House
436,M001180,415000.0,502318.97, DAVID B. MR. MCKINLEY,REP,I,1147964.04,1068057.71,354097.03,793267.01,1147964.04,700.0,David McKinley,House
437,P000602,0.0,1104235.38, MICHAEL RICHARD POMPEO,REP,I,1450562.75,1461220.83,543765.0,906797.75,1464958.57,3500.0,Mike Pompeo,House
438,K000380,0.0,514044.76, DANIEL T. KILDEE,DEM,I,1090756.31,694164.67,455193.77,635512.54,1090756.31,3100.0,Dan Kildee,House
439,M001184,0.0,244597.91, THOMAS H. MASSIE,REP,I,417170.34,430426.25,306782.34,110388.0,472749.9,6214.88,Thomas Massie,House
440,M001143,0.0,124671.95, BETTY MCCOLLUM,DFL,I,916066.46,966856.3,414959.22,501107.24,920365.29,508.34,Betty McCollum,House
441,G000580,58807.28,14008.87, THOMAS ALEXANDER MR. JR. GARRETT,REP,O,636152.75,656562.23,352703.66,278449.09,670296.1,1950.0,Thomas Garrett,House
442,N000181,0.0,3177900.27, DEVIN G NUNES,REP,I,2304072.84,1372432.87,677858.44,1623714.4,2463359.88,3825.0,Devin Nunes,House
443,G000571,0.0,2047500.05, TULSI GABBARD,DEM,I,2211883.14,1295662.48,1734809.33,477073.81,2262362.51,28107.48,Tulsi Gabbard,House
444,R000595,776958.0,182457.0, MARCO RUBIO,REP,I,15889452.0,16428961.0,13605413.0,2237239.0,16611419.0,116680.0,Marco Rubio,Senate
445,C001059,0.0,616676.14, JIM MR. COSTA,DEM,I,1749008.06,1760735.77,837375.0,911633.06,1759404.4,6400.0,Jim Costa,House
446,L000397,0.0,1275112.09, ZOE LOFGREN,DEM,I,1349435.31,1157330.99,868510.31,480925.0,1381139.75,3808.33,Zoe Lofgren,House
447,B001296,0.0,461467.13, BRENDAN F BOYLE,DEM,I,1083449.12,1042401.16,364018.79,715499.88,1088645.41,1320.0,Brendan Boyle,House
448,D000612,4847.04,326702.36, JEFF DENHAM,REP,I,3128999.68,4183054.63,1075103.32,2053896.36,3345326.67,6900.0,Jeffrey Denham,House
449,B001292,0.0,727818.2, DONALD STERNOFF JR. BEYER,DEM,I,2103273.0,1482102.98,1217784.68,879886.67,2123667.57,7503.04,Donald Beyer,House
450,M001195,0.0,430723.72, ALEXANDER XAVIER MOONEY,REP,I,1310628.32,1327374.34,789315.69,519413.63,1754211.91,1200.0,Alex Mooney,House
451,B001294,114119.0,47566.78, RODNEY BLUM,REP,I,1884775.13,2403972.06,1205117.25,679422.28,2406981.12,8375.0,Rod Blum,House
452,M001185,903.66,1743545.58, SEAN PATRICK MALONEY,DEM,I,3558609.57,1974901.69,2417334.68,1134498.31,3612704.66,16608.67,Sean Maloney,House
453,S000320,0.0,9991637.0, RICHARD C SHELBY,REP,I,3260291.0,11531433.0,1663941.0,1596350.0,3467640.0,8300.0,Richard Shelby,Senate
454,L000287,0.0,218184.61, JOHN R. LEWIS,DEM,I,1091422.31,1058522.33,471872.31,619550.0,1092287.29,6043.0,John Lewis,House
455,T000463,0.0,293254.8, MICHAEL R TURNER,REP,I,1051666.27,1189263.66,526297.41,525290.0,1068879.5,3850.0,Michael Turner,House
456,R000585,0.0,133455.65, THOMAS W II REED,REP,I,3104589.47,3072933.93,1240383.24,1847081.23,3120505.54,7595.0,Tom Reed,House
457,K000387,0.0,37192.44, Steve Knight,REP,I,1692485.46,1679628.36,659741.8,1032743.66,1712195.09,3949.0,Steve Knight,House
458,L000585,0.0,321458.87, DARIN MCKAY LAHOOD,REP,I,2495723.57,2228898.33,1418497.33,1074226.24,2550357.2,10540.0,Darin LaHood,House
459,B001257,0.0,91395.64, GUS M BILIRAKIS,REP,I,1403358.29,1751756.14,620183.29,783175.0,1414045.95,2195.07,Gus Bilirakis,House
460,L000575,0.0,564738.0, JAMES PAUL LANKFORD,REP,I,2935845.0,2800373.0,1816699.0,1119146.0,3041818.0,21725.0,James Lankford,Senate
461,G000578,75000.0,58941.03, MATT GAETZ,REP,O,1055449.89,1113704.51,707610.23,230250.0,1172645.54,1400.0,Matt Gaetz,House
462,J000174,0.0,424021.3, SAM MR. JOHNSON,REP,I,1099135.04,1181909.94,283058.81,816076.23,1100214.21,1000.0,Sam Johnson,House
463,S001189,0.0,415305.23, JAMES AUSTIN SCOTT,REP,I,993498.61,1043968.0,318806.35,674442.26,996674.31,0.0,Austin Scott,House
464,H001064,300000.0,758757.09, DENNIS HECK,DEM,I,1575697.23,1032556.97,776947.23,798750.0,1578753.62,6550.0,Denny Heck,House
465,S000480,0.0,147459.85, LOUISE M SLAUGHTER,DEM,I,1414555.25,1614652.78,702647.89,709207.36,1421769.16,5222.66,Louise Slaughter,House
466,T000460,8827.23,1517378.44, MIKE MR. THOMPSON,DEM,I,2023474.33,2005645.06,752417.33,1270995.03,2046841.82,4051.0,Mike Thompson,House
467,M001197,327833.26,342243.75, MARTHA E. MS. MCSALLY,REP,I,7417070.39,8004418.35,5975189.77,1436880.62,7878156.18,122321.4,Martha McSally,House
468,N000185,0.0,29968.11, RICHARD B NUGENT,REP,I,51930.15,87951.71,6705.15,45225.0,52883.53,5500.0,Richard Nugent,House
469,U000031,0.0,493231.99, FREDERICK STEPHEN UPTON,REP,I,2819607.0,2546883.56,840703.0,1978904.0,2985193.3,3350.0,Fred Upton,House
470,H000636,0.0,242148.74, RUBEN E. HINOJOSA,DEM,I,152100.2,117614.6,100100.2,52000.0,153082.29,5000.0,Rubén Hinojosa,House
471,T000470,0.0,104148.09, SCOTT R. TIPTON,REP,I,1916831.03,2042118.59,976859.7,931571.33,1970816.16,12900.0,Scott Tipton,House
472,R000602,0.0,486128.36, KATHLEEN RICE,DEM,I,1989026.41,1662475.22,1390449.16,598540.31,2119648.91,12731.89,Kathleen Rice,House
473,T000473,0.0,662309.31, KYLE MARK TAKAI,DEM,I,1019148.77,432080.96,491534.29,527614.48,1036854.48,11850.0,Mark Takai,House
474,S001154,0.0,225322.62, WILLIAM MR. SHUSTER,REP,I,4090453.61,4293980.17,1589874.06,2500329.55,4104005.17,16100.0,Bill Shuster,House
475,C000984,0.0,954952.82, ELIJAH E CUMMINGS,DEM,I,1068950.15,1027256.01,447950.15,619500.0,1091551.88,13600.0,Elijah Cummings,House
476,G000377,7867.93,444451.82, KAY GRANGER,REP,I,1415199.9,1088164.59,767290.0,647904.9,1416152.97,1535.0,Kay Granger,House
477,J000296,0.0,5923.99, DAVID W. JOLLY,REP,I,1957565.47,2230282.46,1337333.72,620231.75,1989867.96,27575.0,David Jolly,House
478,H001073,226890.84,30146.42, WILLIAM HURD,REP,I,3909731.75,4232951.96,2142216.78,1767514.97,4184833.18,44408.13,Will Hurd,House
479,C001049,0.0,238779.14, WILLIAM LACY JR CLAY,DEM,I,656036.84,738018.68,67276.34,586760.5,660079.99,0.0,William Clay,House
480,B001287,297800.0,132910.95, AMERISH BERA,DEM,I,4110499.78,4192531.21,2680204.38,1406340.82,4172935.83,66307.39,Ami Bera,House
481,K000363,0.0,563098.05, JOHN PAUL JR KLINE,REP,I,631374.09,192023.04,348124.09,283250.0,639339.94,0.0,John Kline,House
482,P000197,0.0,1820817.85, NANCY PELOSI,DEM,I,4136279.65,3577235.57,2953425.38,1182854.27,4416893.49,95334.43,Nancy Pelosi,House
483,L000569,1050000.0,1858861.33, W BLAINE LUETKEMEYER,REP,I,1880933.63,1012689.21,539281.27,1341652.36,1905574.11,13914.0,Blaine Luetkemeyer,House
484,L000579,2438.64,499809.82, ALAN LOWENTHAL,DEM,I,721828.83,590221.68,285225.61,436603.22,730648.41,0.0,Alan Lowenthal,House
485,W000187,142356.39,181525.65, MAXINE MS WATERS,DEM,I,657178.76,1050764.92,147428.76,509750.0,954948.76,1125.0,Maxine Waters,House
486,S001184,0.0,3879745.0, TIMOTHY E SCOTT,REP,I,6055486.0,4795257.0,3205443.8,2850039.0,6194855.0,58152.0,Tim Scott,Senate
487,W000798,0.0,151211.11, TIMOTHY L HON. WALBERG,REP,I,2247131.19,2575216.79,1105532.19,1135614.0,2406972.54,2900.0,Tim Walberg,House
488,S001192,0.0,93451.75, CHRIS STEWART,REP,I,918889.94,958040.77,379269.97,539619.97,920060.29,8300.0,Chris Stewart,House
489,S001157,41570.0,357111.1, DAVID ALBERT SCOTT,DEM,I,1230568.16,938788.3,179211.8,1051356.36,1243041.31,10500.0,David Scott,House
490,C001036,0.0,0.0, LOIS G CAPPS,DEM,,0.0,0.0,0.0,0.0,0.0,0.0,Lois Capps,House
491,C001062,0.0,1366243.1, MICHAEL HONORABLE CONAWAY,REP,I,1932799.16,1630310.55,721555.39,1211243.77,1939446.23,7500.0,K. Conaway,House
492,B001260,0.0,1467267.66, VERNON BUCHANAN,REP,I,1631469.56,918163.59,901459.46,730010.1,1660718.68,24400.0,Vern Buchanan,House
493,C001093,0.0,196277.86, DOUGLAS ALLEN COLLINS,REP,I,1232068.89,1333814.0,510833.44,721235.45,1239467.39,6800.0,Doug Collins,House
494,D000621,751.25,1710114.06, RONALD D. DESANTIS,REP,I,4819202.57,3928266.85,4303692.19,513010.38,4928629.93,199286.33,Ron DeSantis,House
495,R000587,0.0,756451.06, REID J. REP. RIBBLE,REP,I,547329.0,626591.05,182129.0,365200.0,579556.26,0.0,Reid Ribble,House
496,E000298,0.0,0.0, Ron Estes,UNK,,0.0,0.0,0.0,0.0,0.0,0.0,Ron Estes,House
497,R000603,0.0,668129.3, DAVID CHESTON MR. ROUZER,REP,I,1306384.74,742685.16,560299.22,745365.52,1346086.13,6546.68,David Rouzer,House
498,F000454,1131454.72,2287780.33, G. WILLIAM (BILL) FOSTER,DEM,I,2971761.21,1761939.94,2210647.19,761100.0,2981949.73,3525.0,Bill Foster,House
499,E000288,0.0,489709.33, KEITH MAURICE ELLISON,DEM,I,2746331.82,2472467.93,2398981.82,347350.0,2799429.48,8717.57,Keith Ellison,House
500,J000288,6211.2,70015.44, HENRY C 'HANK' JOHNSON,DEM,I,503795.39,450610.66,62265.39,441530.0,505298.56,1099.16,Hank Johnson,House
501,M001191,0.0,2491344.0, PATRICK E MURPHY,DEM,I,2686177.0,746306.0,1924011.0,761200.0,2700992.0,1250.0,Patrick Murphy,House
502,R000593,0.0,36825.69, DENNIS ALAN ROSS,REP,I,1198610.03,1199262.94,267502.04,931107.99,1220745.57,0.0,Dennis Ross,House
503,R000606,0.0,351791.83, JAMIE RASKIN,DEM,O,2552264.52,2203493.34,2251666.27,297898.25,2555285.17,8298.39,Jamie Raskin,House
504,P000373,0.0,119127.44, JOSEPH R. PITTS,REP,I,404304.61,421642.32,22804.61,381500.0,404820.18,2500.0,Joe Pitts,House
505,S001145,0.0,349637.31, JANICE D SCHAKOWSKY,DEM,I,1363187.15,1307371.56,983587.15,379100.0,1376477.89,8935.08,Jan Schakowsky,House
506,L000576,0.0,389553.25, BILLY MR. LONG,REP,I,1447100.39,1640591.29,512988.71,934111.68,1468339.43,7400.1,Billy Long,House
507,L000557,11992.27,440871.71, JOHN B LARSON,DEM,I,1618871.72,1615369.72,488100.56,1130771.16,1632169.7,7300.0,John Larson,House
508,H001060,0.0,292578.34, ROBERT HURT,REP,I,464022.2,380535.26,138272.2,325750.0,464098.07,0.0,Robert Hurt,House
509,B001286,0.0,1536105.67, CHERI BUSTOS,DEM,I,3514223.54,2183498.35,2118710.96,1386430.35,3584496.39,16698.7,Cheri Bustos,House
510,B001278,100000.0,266027.53, SUZANNE MS. BONAMICI,DEM,I,974569.55,941672.71,457661.02,516908.53,975327.46,5386.89,Suzanne Bonamici,House
511,O000171,72634.9,17291.88, TOM O'HALLERAN,DEM,O,1604477.72,1588705.07,1075474.05,509650.0,1605996.95,7808.66,Tom O'Halleran,House
512,N000147,0.0,139312.92, ELEANOR HOLMES NORTON,DEM,I,384880.0,466613.21,141880.0,243000.0,385250.0,0.0,Eleanor Norton,House
513,R000578,0.0,334851.74, DAVE REICHERT,REP,I,1658867.43,1725301.06,658837.93,1000029.5,1663101.86,3000.0,Dave Reichert,House
514,K000379,0.0,2751578.37, JOSEPH P III KENNEDY,DEM,I,2936031.49,1797668.25,2017597.57,918433.92,3149238.04,16605.12,Joseph Kennedy III,House
515,Y000065,0.0,129794.86, THEODORE SCOTT YOHO,REP,I,826189.87,794643.44,635570.07,190369.8,833701.83,14719.7,Ted Yoho,House
516,L000566,0.0,788604.36, ROBERT EDWARD MR LATTA,REP,I,1055548.3,760311.1,423626.1,631672.2,1056036.48,2209.84,Robert Latta,House
517,F000461,9900.0,255336.37, BILL FLORES,REP,I,1701735.27,1740364.13,592304.83,1109430.44,1735450.88,24074.0,Bill Flores,House
518,L000491,0.0,400287.05, FRANK D. LUCAS,REP,I,1185418.77,1091333.37,305826.55,879592.22,1204602.87,7500.0,Frank Lucas,House
